Series Name,Series Code,Country Name,Country Code,2001,2002,2003,2004,2005,2006,2007,2008,2009,2010,2011,2012,2013,2014,2015,2016,2017,2018,2019,2020
Children out of school (% of primary school age),SE.PRM.UNER.ZS,Afghanistan,AFG,..,..,..,..,..,..,..,..,..,..,..,..,..,..,..,..,..,..,..,..
Children out of school (% of primary school age),SE.PRM.UNER.ZS,Albania,ALB,6.13449001312256,..,8.30128955841064,9.0765495300293,..,..,..,11.1017303466797,12.94225025177,12.3639898300171,10.9724397659302,7.7792501449585,4.58102989196777,2.40795993804932,2.20127010345459,2.34457993507385,2.22159004211426,2.55779004096985,2.10688996315002,..
Children out of school (% of primary school age),SE.PRM.UNER.ZS,Algeria,DZA,7.25102996826172,6.09786987304688,5.64177989959717,4.91568994522095,4.60183000564575,4.35602998733521,4.1092700958252,2.73105001449585,1.00285005569458,1.07931995391846,0.91279000043869,0.85004997253418,..,..,0.684119999408722,0.724810004234314,0.514630019664764,0.35249999165535,0.390439987182617,..
Children out of school (% of primary school age),SE.PRM.UNER.ZS,American Samoa,ASM,..,..,..,..,..,..,..,..,..,..,..,..,..,..,..,..,..,..,..,..
Children out of school (% of primary school age),SE.PRM.UNER.ZS,Andorra,AND,..,..,..,..,..,..,..,..,..,..,..,..,..,..,..,..,..,..,..,..
Children out of school (% of primary school age),SE.PRM.UNER.ZS,Angola,AGO,..,..,..,..,..,..,..,17.5530891418457,18.7406997680664,18.0908107757568,18.4007301330566,..,..,..,..,..,..,..,..,..
Children out of school (% of primary school age),SE.PRM.UNER.ZS,Antigua and Barbuda,ATG,..,..,..,..,..,..,0.904429972171783,0.650749981403351,1.9380099773407,3.67190003395081,1.72686994075775,4.45431995391846,..,5.56714010238647,1.21899998188019,..,2.44945001602173,0.689899981021881,..,..
Children out of school (% of primary school age),SE.PRM.UNER.ZS,Argentina,ARG,0.365260004997253,0.328449994325638,0.337709993124008,0.639660000801086,0.441430002450943,0.266629993915558,0.12831999361515,0.182769998908043,0.207190006971359,0.603730022907257,0.565900027751923,0.57175999879837,0.408089995384216,0.0980399996042252,0.0562999993562698,0.452389985322952,0.432689994573593,..,..,..
Children out of school (% of primary school age),SE.PRM.UNER.ZS,Armenia,ARM,..,12.868800163269,14.4695701599121,..,11.3866701126099,7.78235006332397,2.92042994499207,..,..,..,4.84613990783691,3.58823990821838,3.41190004348755,5.87311983108521,6.96742010116577,7.50256013870239,7.68579006195068,6.90522003173828,8.87942028045654,..
Children out of school (% of primary school age),SE.PRM.UNER.ZS,Aruba,ABW,0.322580009698868,1.81633996963501,3.32155990600586,2.17652010917664,1.64076995849609,0.96917998790741,0.812430024147034,0.469060003757477,3.34173011779785,0.909619987010956,..,..,..,0.0779099985957146,..,..,..,..,..,..
Children out of school (% of primary school age),SE.PRM.UNER.ZS,Australia,AUS,1.69660997390747,1.64873003959656,2.51609992980957,2.11304998397827,1.35144996643066,1.15175998210907,0.990220010280609,0.900039970874786,0.68775999546051,0.506649971008301,2.32234001159668,2.01348996162415,0.0603800006210804,0.0847299993038177,0.0883200019598007,0.0441300012171268,0.318250000476837,0.428380012512207,..,..
Children out of school (% of primary school age),SE.PRM.UNER.ZS,Austria,AUT,1.27077996730804,3.39972996711731,3.8406400680542,3.4510600566864,2.80774998664856,2.67838001251221,2.59764003753662,2.88672995567322,2.54491996765137,2.32456994056702,2.85753011703491,1.66857004165649,1.0262199640274,0.652790009975433,0.470450013875961,0.206060007214546,0.045719999819994,0.043699998408556,..,..
Children out of school (% of primary school age),SE.PRM.UNER.ZS,Azerbaijan,AZE,11.2771902084351,11.7476396560669,13.4315204620361,12.5180501937866,13.0197200775146,12.8424100875854,13.1863203048706,13.3261003494263,11.9742803573608,12.474419593811,9.89820003509521,7.6755199432373,1.72343003749847,0.745260000228882,1.15666997432709,0.794629991054535,2.06896996498108,3.89419007301331,8.45024967193604,..
Children out of school (% of primary school age),SE.PRM.UNER.ZS,"Bahamas, The",BHS,..,..,..,10.5938396453857,9.335280418396,13.4857597351074,12.7120399475098,13.9090299606323,17.916919708252,19.3420104980469,11.3685998916626,16.5497608184814,22.8310604095459,22.0986099243164,18.4008007049561,22.3199596405029,..,23.5308704376221,..,..
Children out of school (% of primary school age),SE.PRM.UNER.ZS,Bahrain,BHR,4.97382020950317,5.24110984802246,6.613609790802,7.12042999267578,9.39655017852783,7.69820976257324,..,..,..,..,7.62414979934692,6.83501005172729,5.58603000640869,3.62865996360779,1.31747996807098,1.21659004688263,0.521369993686676,1.0365799665451,2.34450006484985,..
Children out of school (% of primary school age),SE.PRM.UNER.ZS,Bangladesh,BGD,..,..,..,..,2.75576996803284,3.2593400478363,..,4.27588987350464,4.11322021484375,5.01435995101929,..,..,..,..,..,..,..,..,..,..
Children out of school (% of primary school age),SE.PRM.UNER.ZS,Barbados,BRB,2.73338007926941,6.0473198890686,6.23271989822388,7.12797021865845,7.88075017929077,4.81584978103638,2.53706002235413,1.24862003326416,2.76268005371094,2.19771003723145,4.28347015380859,..,..,6.51528978347778,4.15156984329224,1.96151995658875,3.44861006736755,1.61178994178772,1.06817996501923,..
Children out of school (% of primary school age),SE.PRM.UNER.ZS,Belarus,BLR,0,0.665539979934692,0.531740009784698,1.84542000293732,1.85464000701904,1.3501900434494,1.08136999607086,..,..,0.6701899766922,0.71095997095108,0.573790013790131,1.72646999359131,2.05679988861084,1.50753998756409,0.518819987773895,0.857159972190857,1.30255997180939,..,..
Children out of school (% of primary school age),SE.PRM.UNER.ZS,Belgium,BEL,0.0225000008940697,0.261350005865097,1.19368994235992,2.75047993659973,3.10577011108398,2.75229001045227,1.81342005729675,1.19890999794006,1.35629999637604,1.59720003604889,1.44666004180908,1.16648995876312,1.20746004581451,1.31387996673584,0.975790023803711,0.706290006637573,0.27590000629425,0.519879996776581,..,..
Children out of school (% of primary school age),SE.PRM.UNER.ZS,Belize,BLZ,6.31506013870239,..,5.98780012130737,4.21963977813721,4.8579797744751,4.10172986984253,4.61856985092163,3.54966998100281,2.76406002044678,1.74252998828888,2.22969007492065,0.244409993290901,0.928489983081818,0.6284099817276,0.412690013647079,0.525709986686707,0.324750006198883,0.664810001850128,0.484950006008148,..
Children out of school (% of primary school age),SE.PRM.UNER.ZS,Benin,BEN,..,..,15.3952102661133,12.2685098648071,16.2439594268799,13.1855096817017,..,9.86429977416992,5.76789999008179,5.07721996307373,5.05904006958008,4.34114980697632,..,3.63942003250122,..,..,2.96648001670837,2.78896999359131,6.47359991073608,..
Children out of school (% of primary school age),SE.PRM.UNER.ZS,Bermuda,BMU,..,..,..,..,2.53741002082825,..,..,..,..,..,3.7112500667572,7.26309013366699,..,..,..,..,..,..,..,..
Children out of school (% of primary school age),SE.PRM.UNER.ZS,Bhutan,BTN,39.6894187927246,..,..,..,29.7702903747559,25.6911907196045,..,19.6226692199707,14.8328104019165,12.4697303771973,11.0475101470947,8.52501964569092,9.05177021026611,..,9.86583995819092,10.2890100479126,10.3008298873901,8.13619041442871,..,3.65422010421753
Children out of school (% of primary school age),SE.PRM.UNER.ZS,Bolivia,BOL,0.325890004634857,0.33720999956131,0.508650004863739,0.74015998840332,0.596830010414124,0.548889994621277,0.485029995441437,0.252959996461868,2.22463011741638,5.14037990570068,7.71413993835449,10.6510801315308,11.2553701400757,11.4354696273804,11.0369596481323,10.015419960022,8.43424987792969,6.78708982467651,..,..
Children out of school (% of primary school age),SE.PRM.UNER.ZS,Bosnia and Herzegovina,BIH,..,..,..,..,..,..,..,..,..,..,..,..,..,..,..,..,..,..,..,..
Children out of school (% of primary school age),SE.PRM.UNER.ZS,Botswana,BWA,12.5519504547119,12.4289598464966,12.3396596908569,11.3959503173828,10.8295202255249,9.96545028686523,11.5498104095459,12.912579536438,13.4747104644775,..,..,11.0509595870972,11.0060596466064,11.0457601547241,..,..,..,..,..,..
Children out of school (% of primary school age),SE.PRM.UNER.ZS,Brazil,BRA,..,..,1.35578000545502,2.02311992645264,0.539590001106262,..,0.753799974918365,..,2.36486005783081,..,3.93237996101379,..,..,..,..,..,..,..,..,..
Children out of school (% of primary school age),SE.PRM.UNER.ZS,British Virgin Islands,VGB,7.57807016372681,2.06659007072449,1.55377995967865,..,6.00775003433228,8.91501998901367,1.65733003616333,..,1.7435599565506,..,0.0562499985098839,5.5973801612854,3.4083399772644,0.683390021324158,..,..,..,1.94647002220154,..,..
Children out of school (% of primary school age),SE.PRM.UNER.ZS,Brunei Darussalam,BRN,..,..,..,..,..,..,..,..,0.375479996204376,..,..,0.261559993028641,0.420329988002777,0.159899994730949,0.680140018463135,0.157319992780685,0.382999986410141,0.770210027694702,0.572780013084412,..
Children out of school (% of primary school age),SE.PRM.UNER.ZS,Bulgaria,BGR,2.36649990081787,3.46735000610352,3.31983995437622,2.73906993865967,3.9779999256134,2.98839998245239,0.234980002045631,0.0628599971532822,0.372370004653931,0.187460005283356,0.208790004253387,2.53991007804871,4.41734981536865,5.77605009078979,7.81203985214233,10.2525901794434,11.6997203826904,13.3049602508545,..,..
Children out of school (% of primary school age),SE.PRM.UNER.ZS,Burkina Faso,BFA,62.228141784668,63.2785797119141,60.9514503479004,58.8510818481445,54.0271415710449,50.3765716552734,45.0463905334473,38.9969596862793,36.1054801940918,39.6807594299316,34.9971313476563,33.9258613586426,32.8383407592773,31.5784206390381,29.9470100402832,24.1470699310303,22.994930267334,20.6583194732666,21.8749008178711,..
Children out of school (% of primary school age),SE.PRM.UNER.ZS,Burundi,BDI,49.7239418029785,50.4627304077148,47.0191612243652,45.3734817504883,42.1404800415039,25.4846096038818,18.1602897644043,7.55137014389038,9.24042987823486,4.43559980392456,..,..,..,..,..,..,4.32750988006592,6.39089012145996,7.57962989807129,..
Children out of school (% of primary school age),SE.PRM.UNER.ZS,Cabo Verde,CPV,2.46219992637634,3.02127003669739,3.30525994300842,4.61526012420654,3.4329400062561,2.17938995361328,2.60907006263733,3.25107002258301,4.2458701133728,5.24055004119873,6.53016996383667,6.19129991531372,6.78591012954712,6.7256498336792,6.61164999008179,7.13973999023438,6.99468994140625,6.44506978988647,..,..
Children out of school (% of primary school age),SE.PRM.UNER.ZS,Cambodia,KHM,..,..,1.93603003025055,..,..,4.84783983230591,4.11252021789551,5.18252992630005,..,6.38271999359131,2.24726009368896,2.27413010597229,..,4.65491008758545,4.4374098777771,7.02103996276855,9.19659996032715,9.3097095489502,9.35433959960938,..
Children out of school (% of primary school age),SE.PRM.UNER.ZS,Cameroon,CMR,..,..,..,..,..,..,..,15.2928104400635,12.5896596908569,..,10.863920211792,5.43570995330811,..,4.77108001708984,4.36569976806641,4.97844982147217,6.53191995620728,..,8.32814979553223,..
Children out of school (% of primary school age),SE.PRM.UNER.ZS,Canada,CAN,..,..,..,..,..,..,..,..,..,..,..,0.548330008983612,0.567690014839172,0.608870029449463,0.410930007696152,0.0441300012171268,0.117499999701977,0.211909994482994,..,..
Children out of school (% of primary school age),SE.PRM.UNER.ZS,Cayman Islands,CYM,4.72727012634277,12.0469102859497,..,15.3946304321289,19.737190246582,13.2349100112915,7.27889013290405,10.6262798309326,..,..,11.3278503417969,11.3641500473022,13.2506103515625,..,..,..,..,10.4158201217651,..,..
Children out of school (% of primary school age),SE.PRM.UNER.ZS,Central African Republic,CAF,..,..,..,..,52.3782386779785,52.1556205749512,44.4216918945313,35.722728729248,35.7293510437012,33.4635581970215,35.8293685913086,33.4393501281738,..,..,..,..,..,..,..,..
Children out of school (% of primary school age),SE.PRM.UNER.ZS,Chad,TCD,47.4246711730957,43.9338188171387,42.399528503418,..,..,..,..,..,..,..,37.5242004394531,..,21.8674297332764,..,20.6409206390381,26.4813098907471,32.0353012084961,25.7212600708008,26.1519794464111,..
Children out of school (% of primary school age),SE.PRM.UNER.ZS,Channel Islands,CHI,..,..,..,..,..,..,..,..,..,..,..,..,..,..,..,..,..,..,..,..
Children out of school (% of primary school age),SE.PRM.UNER.ZS,Chile,CHL,..,..,..,..,..,..,3.11209011077881,2.62959003448486,4.14710998535156,2.83060002326965,3.36331009864807,3.50799989700317,3.94692993164063,3.89989995956421,3.70605993270874,3.06314992904663,2.26992011070251,1.28386998176575,..,..
Children out of school (% of primary school age),SE.PRM.UNER.ZS,China,CHN,..,..,..,..,..,..,..,..,..,..,..,..,..,..,..,..,..,..,..,..
Children out of school (% of primary school age),SE.PRM.UNER.ZS,Colombia,COL,2.80587005615234,1.70773994922638,..,3.05714988708496,0.134289994835854,0.143030002713203,0.280750006437302,0.106299996376038,0.677869975566864,2.18616008758545,2.68389010429382,4.75614976882935,..,..,3.61876010894775,4.57531023025513,2.65404009819031,2.28297996520996,..,..
Children out of school (% of primary school age),SE.PRM.UNER.ZS,Comoros,COM,..,..,..,..,..,..,20.825870513916,..,..,..,..,..,12.0785503387451,13.3811798095703,..,..,14.6777200698853,18.1545104980469,..,..
Children out of school (% of primary school age),SE.PRM.UNER.ZS,"Congo, Dem. Rep.",COD,..,..,..,..,..,..,..,..,..,..,..,..,..,..,..,..,..,..,..,..
Children out of school (% of primary school age),SE.PRM.UNER.ZS,"Congo, Rep.",COG,..,..,..,..,48.1752510070801,44.7236289978027,..,..,..,13.7550001144409,..,10.7057800292969,..,..,..,..,..,..,..,..
Children out of school (% of primary school age),SE.PRM.UNER.ZS,Costa Rica,CRI,..,..,..,..,..,..,..,..,..,..,0.0380299985408783,0.0570800006389618,0.486160010099411,2.34338998794556,1.8818199634552,1.45387005805969,3.24836993217468,0.119230002164841,0.129789993166924,..
Children out of school (% of primary school age),SE.PRM.UNER.ZS,Cote d'Ivoire,CIV,39.3915100097656,39.3371391296387,43.9170989990234,..,..,..,..,..,44.1122398376465,..,..,..,31.6068992614746,26.9937801361084,23.2640495300293,12.9835796356201,11.2282104492188,6.18146991729736,4.99482011795044,..
Children out of school (% of primary school age),SE.PRM.UNER.ZS,Croatia,HRV,2.48028993606567,0.317129999399185,0.266169995069504,..,0.956770002841949,0.874539971351624,0.986429989337921,2.5796000957489,8.35041046142578,4.96036005020142,2.75966000556946,1.14784002304077,1.37934994697571,1.22433996200562,1.14689004421234,1.59305000305176,1.36378002166748,1.61779999732971,..,..
Children out of school (% of primary school age),SE.PRM.UNER.ZS,Cuba,CUB,0.427410006523132,0.174150004982948,1.46705996990204,1.85178995132446,2.81788992881775,3.76660990715027,2.90428996086121,2.99028992652893,1.45950996875763,0.833700001239777,1.25685000419617,2.00375008583069,2.01584005355835,4.92989015579224,5.91589021682739,5.46625995635986,4.31471014022827,2.15558004379272,0.781610012054443,..
Children out of school (% of primary school age),SE.PRM.UNER.ZS,Curacao,CUW,..,..,..,..,..,..,..,..,..,..,..,..,..,..,..,..,..,..,..,..
Children out of school (% of primary school age),SE.PRM.UNER.ZS,Cyprus,CYP,2.04577994346619,1.11097002029419,0.802709996700287,0.763199985027313,0.0251400005072355,0.0630899965763092,0.202099993824959,0.414790004491806,0.37279000878334,0.0345499999821186,0.153239995241165,1.31052005290985,1.79526996612549,2.27123999595642,1.39976000785828,1.73635005950928,1.34039998054504,0.575219988822937,..,..
Children out of school (% of primary school age),SE.PRM.UNER.ZS,Czech Republic,CZE,..,..,..,..,..,..,0.0450100004673004,0.652750015258789,0.0574899986386299,0.00364000000990927,0.692650020122528,0.432090014219284,1.01346004009247,0.678449988365173,0.190850004553795,0.330790013074875,0.322809994220734,0.410930007696152,..,..
Children out of school (% of primary school age),SE.PRM.UNER.ZS,Denmark,DNK,0.153070002794266,0.13934999704361,..,1.74154996871948,1.43340003490448,1.1031299829483,0.492630004882813,0.649049997329712,0.92629998922348,1.20359003543854,0.89520001411438,0.566089987754822,0.253450006246567,0.501609981060028,0.0595499984920025,0.0101699996739626,0.202209994196892,0.603749990463257,..,..
Children out of school (% of primary school age),SE.PRM.UNER.ZS,Djibouti,DJI,70.2864532470703,68.6578521728516,..,64.6932067871094,63.1349182128906,60.1103515625,56.0584983825684,51.9813804626465,52.0104789733887,..,41.2878303527832,..,41.1231117248535,32.4710006713867,39.2812995910645,42.618480682373,40.0342102050781,37.8930397033691,32.9749794006348,33.0039710998535
Children out of school (% of primary school age),SE.PRM.UNER.ZS,Dominica,DMA,7.19237995147705,5.55706977844238,7.88560009002686,9.63708972930908,12.0821599960327,13.1723699569702,16.9100303649902,16.0661697387695,8.63739967346191,..,1.17335999011993,..,..,..,..,0.956250011920929,..,..,3.72487998008728,..
Children out of school (% of primary school age),SE.PRM.UNER.ZS,Dominican Republic,DOM,..,5.71569013595581,9.12224006652832,14.3780202865601,13.1692199707031,14.3278703689575,8.21415996551514,11.8683595657349,4.0932297706604,4.55365991592407,4.70056009292603,5.92932987213135,6.17264986038208,7.95542001724243,4.46506977081299,4.57932996749878,5.31316995620728,5.67314004898071,3.95358991622925,..
Children out of school (% of primary school age),SE.PRM.UNER.ZS,Ecuador,ECU,1.58413004875183,0.808229982852936,0.874080002307892,..,2.09752011299133,1.49944996833801,0.906220018863678,5.4722900390625,0.93928998708725,0.762220025062561,0.870050013065338,1.18333995342255,1.05741000175476,1.04390001296997,0.985889971256256,1.07115995883942,1.13854002952576,1.31207001209259,..,..
Children out of school (% of primary school age),SE.PRM.UNER.ZS,"Egypt, Arab Rep.",EGY,10.2855596542358,9.40725994110107,8.46269035339355,7.60071992874146,7.40808010101318,10.1430196762085,5.63067007064819,..,4.08226013183594,2.25588989257813,3.86226010322571,0.894680023193359,..,0.414339989423752,..,0.513050019741058,0.552760004997253,0.651929974555969,0.727370023727417,..
Children out of school (% of primary school age),SE.PRM.UNER.ZS,El Salvador,SLV,6.61182022094727,4.83080005645752,4.34265995025635,..,..,..,..,..,..,..,..,..,..,6.84120988845825,8.97465038299561,10.4213600158691,14.5668601989746,13.6996698379517,..,..
Children out of school (% of primary school age),SE.PRM.UNER.ZS,Equatorial Guinea,GNQ,27.8314304351807,30.2019004821777,32.3220481872559,..,..,..,..,52.8985214233398,54.1235504150391,54.9225883483887,53.9240493774414,52.6059913635254,..,..,55.3030395507813,..,..,..,..,..
Children out of school (% of primary school age),SE.PRM.UNER.ZS,Eritrea,ERI,43.5499687194824,35.0835609436035,26.9123096466064,21.0416297912598,15.849479675293,14.3725099563599,20.6002006530762,25.0096206665039,30.1812591552734,34.4618988037109,31.6977405548096,29.6600894927979,33.7204895019531,35.8460083007813,39.2495994567871,..,47.0054512023926,47.3481788635254,..,..
Children out of school (% of primary school age),SE.PRM.UNER.ZS,Estonia,EST,1.0898300409317,1.14743995666504,0.55715000629425,1.2739200592041,1.41067004203796,1.44484996795654,0.088469997048378,0.438199996948242,0.849259972572327,0.570519983768463,0.0248199999332428,0.045729998499155,1.24651002883911,2.02830004692078,2.45568990707397,2.63126993179321,2.43253993988037,2.15716004371643,..,..
Children out of school (% of primary school age),SE.PRM.UNER.ZS,Eswatini,SWZ,..,..,..,..,..,..,..,..,17.926399230957,12.1336097717285,6.92567014694214,11.6620502471924,15.4219398498535,14.629150390625,15.6923198699951,15.6286602020264,17.4061107635498,16.3491401672363,..,..
Children out of school (% of primary school age),SE.PRM.UNER.ZS,Ethiopia,ETH,55.4337501525879,53.1896018981934,52.4519805908203,49.6507186889648,38.8124618530273,34.2415084838867,28.9411392211914,23.2757205963135,23.6940097808838,25.6236801147461,21.7191791534424,20.1925506591797,..,13.8410396575928,14.3780698776245,..,..,..,..,..
Children out of school (% of primary school age),SE.PRM.UNER.ZS,Faroe Islands,FRO,..,..,..,..,..,..,..,..,..,..,..,..,..,..,..,..,..,..,..,..
Children out of school (% of primary school age),SE.PRM.UNER.ZS,Fiji,FJI,2.04021000862122,0.788969993591309,0.638960003852844,0.18274000287056,..,0.36752000451088,0.395060002803802,0.679719984531403,0.879419982433319,..,0.767340004444122,0.925019979476929,0.866349995136261,..,0.883360028266907,0.556900024414063,..,..,..,..
Children out of school (% of primary school age),SE.PRM.UNER.ZS,Finland,FIN,0.0121799996122718,0.368869990110397,1.0407999753952,1.99891996383667,2.36619997024536,2.90974998474121,2.26415991783142,1.85824000835419,1.68278002738953,1.41343998908997,1.1588499546051,0.634559988975525,0.693189978599548,0.387879997491837,0.620519995689392,0.729330003261566,1.15208995342255,1.32710003852844,..,..
Children out of school (% of primary school age),SE.PRM.UNER.ZS,France,FRA,3.6341700553894,3.70044994354248,3.93280005455017,3.92817997932434,0.0845099985599518,0.0292399991303682,0.131740003824234,0.5035600066185,0.893509984016418,1.26804995536804,0.241819992661476,0.369890004396439,0.579230010509491,1.36187994480133,0.514980018138886,0.167199999094009,0.0584000013768673,0.0421399995684624,..,..
Children out of school (% of primary school age),SE.PRM.UNER.ZS,French Polynesia,PYF,..,..,..,..,..,..,..,..,..,..,..,..,..,..,..,..,..,..,..,..
Children out of school (% of primary school age),SE.PRM.UNER.ZS,Gabon,GAB,..,..,..,..,..,..,..,..,..,..,..,..,..,..,..,..,..,..,..,..
Children out of school (% of primary school age),SE.PRM.UNER.ZS,"Gambia, The",GMB,35.7115097045898,37.8776016235352,34.6688804626465,34.2256507873535,36.126651763916,31.3617095947266,29.3285999298096,33.3554992675781,..,32.1065483093262,32.6953582763672,29.7217292785645,29.9602508544922,30.1782093048096,24.0867500305176,22.3482398986816,19.8456401824951,18.1914806365967,14.7417001724243,..
Children out of school (% of primary school age),SE.PRM.UNER.ZS,Georgia,GEO,..,..,..,2.12033009529114,2.70013999938965,3.27758002281189,0.650889992713928,1.40230000019073,3.07789993286133,..,2.40575003623962,1.22018003463745,0.441210001707077,0.684119999408722,0.262849986553192,2.04717993736267,0.758960008621216,0.786210000514984,0.626860022544861,..
Children out of school (% of primary school age),SE.PRM.UNER.ZS,Germany,DEU,0.638639986515045,4.48692989349365,3.61074995994568,2.7014799118042,2.04134011268616,1.9693900346756,1.62443995475769,2.5301399230957,2.93107008934021,2.35301995277405,2.45141005516052,3.29518008232117,3.58946990966797,3.23601007461548,1.85685002803802,0.514289975166321,0.529299974441528,0.688939988613129,..,..
Children out of school (% of primary school age),SE.PRM.UNER.ZS,Ghana,GHA,37.523868560791,33.5089912414551,34.1675300598145,..,29.3908805847168,27.2706298828125,21.9686794281006,16.3667907714844,15.8953304290771,..,7.97313022613525,8.78244018554688,..,..,..,..,2.17846989631653,3.62357997894287,0.816449999809265,..
Children out of school (% of primary school age),SE.PRM.UNER.ZS,Gibraltar,GIB,..,..,..,..,..,..,..,..,..,..,..,..,..,..,..,0.298090010881424,..,..,..,..
Children out of school (% of primary school age),SE.PRM.UNER.ZS,Greece,GRC,2.32095003128052,2.36239004135132,2.56086993217468,3.02538990974426,4.05295991897583,4.26627016067505,4.29003000259399,..,..,2.92260003089905,2.77857995033264,2.26871991157532,2.07222008705139,2.95514988899231,2.17934989929199,1.51670002937317,1.24924004077911,1.42841994762421,..,..
Children out of school (% of primary school age),SE.PRM.UNER.ZS,Greenland,GRL,..,..,..,..,..,..,..,..,..,..,..,..,..,..,..,..,..,..,..,..
Children out of school (% of primary school age),SE.PRM.UNER.ZS,Grenada,GRD,..,0.515500009059906,..,0.290479987859726,3.47689008712769,..,0.280970007181168,0.196610003709793,..,..,..,..,..,..,..,..,..,0.764419972896576,..,..
Children out of school (% of primary school age),SE.PRM.UNER.ZS,Guam,GUM,..,..,..,..,..,..,..,..,..,..,..,..,..,..,..,..,..,..,..,..
Children out of school (% of primary school age),SE.PRM.UNER.ZS,Guatemala,GTM,15.5179395675659,12.4585399627686,..,8.14393043518066,6.74985980987549,5.28501987457275,4.4041600227356,4.54674005508423,..,..,4.50161981582642,7.49783992767334,9.82353019714355,11.7369403839111,12.0411396026611,12.7030801773071,11.6922903060913,10.6287202835083,10.7173004150391,..
Children out of school (% of primary school age),SE.PRM.UNER.ZS,Guinea,GIN,51.0737495422363,44.0562705993652,40.8998107910156,37.9502716064453,36.1808280944824,34.3001594543457,32.3641510009766,33.4025497436523,32.0472984313965,29.2967700958252,25.311990737915,25.8233394622803,24.0513591766357,20.4854907989502,..,21.9126796722412,..,..,..,..
Children out of school (% of primary school age),SE.PRM.UNER.ZS,Guinea-Bissau,GNB,..,..,..,..,..,..,..,..,..,27.3317604064941,..,..,..,..,..,..,..,..,..,..
Children out of school (% of primary school age),SE.PRM.UNER.ZS,Guyana,GUY,..,..,7.19547986984253,..,..,..,..,1.8887699842453,7.60583019256592,3.6608099937439,1.80634999275208,1.79294002056122,..,..,..,..,..,..,..,..
Children out of school (% of primary school age),SE.PRM.UNER.ZS,Haiti,HTI,..,..,..,..,..,..,..,..,..,..,..,..,..,..,..,..,..,..,..,..
Children out of school (% of primary school age),SE.PRM.UNER.ZS,Honduras,HND,..,..,9.58242988586426,9.07054042816162,13.692440032959,10.1175203323364,15.5069303512573,12.4373598098755,13.6160802841187,12.5287599563599,12.3088102340698,15.6067304611206,18.5746402740479,19.3315696716309,20.0960807800293,18.8338298797607,17.461389541626,..,12.547080039978,..
Children out of school (% of primary school age),SE.PRM.UNER.ZS,"Hong Kong SAR, China",HKG,..,..,..,..,..,..,..,..,..,..,..,0.452459990978241,0.485599994659424,0.711009979248047,1.08631002902985,1.78979003429413,2.27230000495911,2.43139004707336,..,..
Children out of school (% of primary school age),SE.PRM.UNER.ZS,Hungary,HUN,2.42406988143921,1.95911002159119,3.04858994483948,3.31680989265442,2.56286001205444,2.04908990859985,2.90438008308411,1.9582200050354,1.49907004833221,1.69910001754761,2.46512007713318,3.0233199596405,3.21251010894775,3.03637003898621,2.863450050354,2.23319005966187,2.57472991943359,4.44464015960693,..,..
Children out of school (% of primary school age),SE.PRM.UNER.ZS,Iceland,ISL,0.731459975242615,0.712650001049042,1.71148002147675,3.37253999710083,3.17475008964539,2.67737007141113,1.85282003879547,0.762250006198883,0.277410000562668,0.695240020751953,1.2019100189209,1.75127995014191,1.87089002132416,1.76383996009827,1.32270002365112,0.456290006637573,0.0476499982178211,0.0586399994790554,..,..
Children out of school (% of primary school age),SE.PRM.UNER.ZS,India,IND,16.2018394470215,16.3754005432129,11.5376796722412,..,..,..,3.21055006980896,3.15828990936279,4.46285009384155,3.87967991828918,4.28239011764526,3.01236009597778,2.26232004165649,..,..,..,..,..,..,..
Children out of school (% of primary school age),SE.PRM.UNER.ZS,Indonesia,IDN,3.84773993492126,4.54312992095947,5.04850006103516,5.79869985580444,6.74832010269165,5.40088987350464,3.04320001602173,3.90732002258301,3.16278004646301,2.74617004394531,3.16938996315002,4.05296993255615,6.27357006072998,6.82465982437134,..,6.37853002548218,5.06120014190674,5.62332010269165,..,..
Children out of school (% of primary school age),SE.PRM.UNER.ZS,"Iran, Islamic Rep.",IRN,..,2.87092995643616,3.95345997810364,2.23855996131897,4.67038011550903,4.12517976760864,4.77643013000488,..,2.19956994056702,3.35475993156433,3.20580005645752,1.97712004184723,1.19632005691528,0.372159987688065,0.230910003185272,0.215299993753433,0.2291100025177,..,..,..
Children out of school (% of primary school age),SE.PRM.UNER.ZS,Iraq,IRQ,..,..,5.62305021286011,7.00044012069702,..,..,7.20402002334595,..,..,..,..,..,..,..,..,..,..,..,..,..
Children out of school (% of primary school age),SE.PRM.UNER.ZS,Ireland,IRL,0.182830005884171,0.219579994678497,0.0190200004726648,0.0919400006532669,0.258520007133484,0.117339998483658,0.175040006637573,0.0744500011205673,0.0263599995523691,0.200080007314682,0.125499993562698,0.0578900016844273,0.0726900026202202,0.0373600013554096,0.0488200001418591,0.0116400001570582,0.028659999370575,0.00173999997787178,..,..
Children out of school (% of primary school age),SE.PRM.UNER.ZS,Isle of Man,IMN,..,..,..,..,..,..,..,..,..,..,..,..,..,..,..,..,..,..,..,..
Children out of school (% of primary school age),SE.PRM.UNER.ZS,Israel,ISR,0.136930003762245,0.162070006132126,0.147709995508194,0.0465399995446205,0.0209699999541044,0.196539998054504,0.0882899984717369,0.111440002918243,0.0894699990749359,0.0766000002622604,0.0736500024795532,0.0456999987363815,0.0153400003910065,0.0973900035023689,0.0989999994635582,0.321709990501404,0.252739995718002,0.312099993228912,..,..
Children out of school (% of primary school age),SE.PRM.UNER.ZS,Italy,ITA,0.247429996728897,0.297459989786148,0.373860001564026,0.331459999084473,0.576990008354187,0.634289979934692,0.612900018692017,0.595629990100861,0.504729986190796,0.408080011606216,0.480659991502762,0.262340009212494,0.115429997444153,0.839550018310547,1.47976994514465,2.04649996757507,2.52175998687744,3.14660000801086,..,..
Children out of school (% of primary school age),SE.PRM.UNER.ZS,Jamaica,JAM,7.13074016571045,7.92702007293701,9.18422031402588,7.19022989273071,..,..,..,..,..,..,..,..,..,..,11.8433504104614,13.3000202178955,13.824990272522,15.6490898132324,17.1556606292725,..
Children out of school (% of primary school age),SE.PRM.UNER.ZS,Japan,JPN,..,..,..,..,..,..,..,..,..,..,..,..,..,..,..,..,..,..,..,..
Children out of school (% of primary school age),SE.PRM.UNER.ZS,Jordan,JOR,..,6.8517599105835,5.61542987823486,5.38305997848511,6.34847021102905,8.08236980438232,10.6411695480347,13.319860458374,..,19.220630645752,21.6506690979004,24.5455493927002,25.0638408660889,..,..,23.1279602050781,19.7877902984619,19.023250579834,18.6664695739746,..
Children out of school (% of primary school age),SE.PRM.UNER.ZS,Kazakhstan,KAZ,0.0863099992275238,0.19242000579834,0.411940008401871,0.320969998836517,0.331539988517761,0.789129972457886,1.16260004043579,0.114430002868176,0.122740000486374,0.363689988851547,0.415089994668961,0.258020013570786,0.257050007581711,0.107289999723434,0.0278500001877546,0.195199996232986,0.823880016803741,0.990610003471375,0.923009991645813,..
Children out of school (% of primary school age),SE.PRM.UNER.ZS,Kenya,KEN,27.7628192901611,30.1783008575439,16.6777191162109,18.5683002471924,18.2143592834473,19.238899230957,9.6192798614502,13.4360303878784,11.082389831543,..,..,18.7699394226074,..,..,..,..,..,..,..,..
Children out of school (% of primary school age),SE.PRM.UNER.ZS,Kiribati,KIR,..,..,..,..,..,..,..,..,..,..,..,..,..,1.35209000110626,2.55536007881165,1.76038002967834,3.91248989105225,..,..,..
Children out of school (% of primary school age),SE.PRM.UNER.ZS,"Korea, Dem. People's Rep.",PRK,..,..,..,..,..,..,..,..,2.24751996994019,..,..,..,..,..,..,..,..,..,..,..
Children out of school (% of primary school age),SE.PRM.UNER.ZS,"Korea, Rep.",KOR,1.78086996078491,2.0633499622345,1.28069996833801,1.36585998535156,0.246619999408722,..,..,..,..,..,..,..,4.51017999649048,..,..,..,2.4225800037384,0.92399001121521,..,..
Children out of school (% of primary school age),SE.PRM.UNER.ZS,Kosovo,XKX,..,..,..,..,..,..,..,..,..,..,..,..,..,..,..,..,..,..,..,..
Children out of school (% of primary school age),SE.PRM.UNER.ZS,Kuwait,KWT,9.10702991485596,6.54752016067505,7.31888008117676,5.60060977935791,7.27862977981567,..,1.36688995361328,1.40937995910645,..,0.99167001247406,0.53794002532959,0.603169977664948,1.15514004230499,1.27714002132416,1.67411005496979,2.70150995254517,..,..,..,..
Children out of school (% of primary school age),SE.PRM.UNER.ZS,Kyrgyz Republic,KGZ,5.54614019393921,5.70393991470337,5.85043001174927,1.1674599647522,3.78919005393982,2.55401992797852,3.58844995498657,4.11554002761841,4.7535400390625,4.02593994140625,4.22536993026733,1.59159994125366,0.441819995641708,0.354889988899231,0.389620006084442,0.372810006141663,0.291220009326935,0.287640005350113,0.495299994945526,..
Children out of school (% of primary school age),SE.PRM.UNER.ZS,Lao PDR,LAO,24.6229991912842,23.4323997497559,20.8237495422363,20.1514797210693,18.8950004577637,17.3778495788574,14.7654399871826,12.3273296356201,10.0205097198486,5.39463996887207,5.64036989212036,5.65803003311157,3.75254011154175,3.44372010231018,5.10675001144409,5.990149974823,7.50599002838135,8.51140022277832,8.42004013061523,..
Children out of school (% of primary school age),SE.PRM.UNER.ZS,Latvia,LVA,..,..,..,..,..,..,..,0.00853999983519316,0.875699996948242,0.867569983005524,0.766680002212524,1.46035003662109,1.86098003387451,1.96988999843597,2.03865003585815,1.73730003833771,1.5161999464035,1.1314400434494,..,..
Children out of school (% of primary school age),SE.PRM.UNER.ZS,Lebanon,LBN,..,..,..,..,..,..,..,..,..,..,..,..,..,..,..,..,..,..,..,..
Children out of school (% of primary school age),SE.PRM.UNER.ZS,Lesotho,LSO,23.4725303649902,20.8293495178223,18.1034297943115,17.8009605407715,15.9216403961182,13.5682096481323,15.1372203826904,13.4186201095581,12.7876396179199,10.7720098495483,10.5776996612549,10.3437004089355,9.35521030426025,9.11734008789063,7.61659002304077,5.33576011657715,2.43418002128601,..,..,..
Children out of school (% of primary school age),SE.PRM.UNER.ZS,Liberia,LBR,..,..,..,..,..,..,..,56.2090301513672,..,..,..,..,..,6.76752996444702,..,..,21.3589305877686,..,..,..
Children out of school (% of primary school age),SE.PRM.UNER.ZS,Libya,LBY,..,..,..,..,..,..,..,..,..,..,..,..,..,..,..,..,..,..,..,..
Children out of school (% of primary school age),SE.PRM.UNER.ZS,Liechtenstein,LIE,..,..,0.723980009555817,0.425289988517761,4.77909994125366,1.10047996044159,1.09784996509552,0.782400012016296,1.47959995269775,0.764209985733032,1.25065004825592,1.52070999145508,..,2.34167003631592,0.0334899984300137,0.324479997158051,..,0.14877000451088,..,..
Children out of school (% of primary school age),SE.PRM.UNER.ZS,Lithuania,LTU,0.311410009860992,0.250869989395142,0.110509999096394,0.155039995908737,0.190400004386902,0.211640000343323,0.19378000497818,0.119599997997284,0.114289999008179,0.0392099991440773,0.0864100009202957,0.124420002102852,0.137899994850159,0.0674799978733063,0.0821499973535538,0.100450001657009,0.22545999288559,0.179499998688698,..,..
Children out of school (% of primary school age),SE.PRM.UNER.ZS,Luxembourg,LUX,2.456130027771,2.23278999328613,4.12158012390137,3.47902011871338,1.69570004940033,1.1626900434494,1.07021999359131,1.84323000907898,..,4.28948020935059,4.7122597694397,3.48926997184753,3.60694003105164,2.80446004867554,1.05806005001068,0.238739997148514,0.56809002161026,0.99738997220993,..,..
Children out of school (% of primary school age),SE.PRM.UNER.ZS,"Macao SAR, China",MAC,13.0958499908447,12.7697095870972,12.8542499542236,12.6075897216797,12.6787700653076,13.3151798248291,12.1455001831055,12.7437601089478,14.4378299713135,15.0599699020386,14.3420000076294,13.3302698135376,11.9311599731445,8.04975032806396,4.68622016906738,2.21599006652832,2.33619999885559,3.00205993652344,1.16202998161316,..
Children out of school (% of primary school age),SE.PRM.UNER.ZS,Madagascar,MDG,32.017749786377,31.5821094512939,21.9118690490723,..,..,..,..,..,..,..,..,..,..,..,..,..,..,1.95992994308472,2.32186007499695,..
Children out of school (% of primary school age),SE.PRM.UNER.ZS,Malawi,MWI,..,..,..,1.53972005844116,1.5395200252533,2.09828996658325,4.88636016845703,2.1609799861908,1.77216005325317,..,..,..,..,..,..,..,..,..,..,..
Children out of school (% of primary school age),SE.PRM.UNER.ZS,Malaysia,MYS,2.18548011779785,3.40939998626709,2.90683007240295,0.624750018119812,0.407059997320175,4.58930015563965,4.88717985153198,4.93227005004883,4.13080978393555,3.76694011688232,2.93866991996765,1.45643997192383,0.335729986429214,0.107600003480911,0.483370006084442,0.179360002279282,0.354360014200211,..,..,..
Children out of school (% of primary school age),SE.PRM.UNER.ZS,Maldives,MDV,0.556029975414276,0.773119986057281,..,0.300760000944138,0.721419990062714,0.234040006995201,0.373329997062683,0.420320004224777,..,..,..,..,..,..,0.469940006732941,2.70706009864807,4.12855005264282,3.41718006134033,2.00353002548218,..
Children out of school (% of primary school age),SE.PRM.UNER.ZS,Mali,MLI,..,48.3793792724609,48.4028511047363,48.3947906494141,43.3490104675293,42.0327110290527,39.8880004882813,..,32.7525215148926,31.6890602111816,30.6967792510986,32.9478416442871,37.3574295043945,36.4909591674805,39.2909393310547,37.8612785339355,32.5948791503906,40.988410949707,..,..
Children out of school (% of primary school age),SE.PRM.UNER.ZS,Malta,MLT,..,..,..,..,..,..,..,..,..,..,0.707400023937225,0.105489999055862,0.332780003547668,0.74796998500824,0.69897997379303,1.21940004825592,0.232629999518394,..,..,..
Children out of school (% of primary school age),SE.PRM.UNER.ZS,Marshall Islands,MHL,..,0.544149994850159,..,..,..,..,..,..,..,..,5.88627004623413,..,..,..,25.2682991027832,24.0209197998047,..,..,25.8550491333008,..
Children out of school (% of primary school age),SE.PRM.UNER.ZS,Mauritania,MRT,36.1666297912598,36.3815002441406,32.9942092895508,25.767219543457,27.0678997039795,24.4337005615234,23.4653301239014,26.9773502349854,27.6843605041504,27.290189743042,26.7437000274658,27.9545993804932,25.1895809173584,23.0551490783691,..,26.5170497894287,21.6800098419189,19.6911106109619,23.1424007415771,..
Children out of school (% of primary school age),SE.PRM.UNER.ZS,Mauritius,MUS,0.456200003623962,0.631330013275146,0.900359988212585,1.74049997329712,0.647449970245361,0.61201000213623,0.637000024318695,0.396319985389709,0.950110018253326,1.05789005756378,1.18692004680634,4.28911018371582,2.15409994125366,1.19386994838715,1.07612001895905,1.50109994411469,1.100909948349,1.30397999286652,1.40313994884491,..
Children out of school (% of primary school age),SE.PRM.UNER.ZS,Mexico,MEX,0.110590003430843,0.195539996027946,0.233170002698898,0.268860012292862,0.162229999899864,0.0864500030875206,0.0146199995651841,0.0684499964118004,0.017170000821352,0.139210000634193,0.262970000505447,0.330199986696243,0.403699994087219,0.499220013618469,0.574500024318695,0.654550015926361,0.728760004043579,0.699460029602051,..,..
Children out of school (% of primary school age),SE.PRM.UNER.ZS,"Micronesia, Fed. Sts.",FSM,..,..,..,..,..,..,..,..,..,..,..,..,..,9.2733097076416,14.5430097579956,10.1116504669189,..,..,10.3257398605347,..
Children out of school (% of primary school age),SE.PRM.UNER.ZS,Moldova,MDA,0,0,1.09853005409241,1.67567002773285,4.72395992279053,7.62883996963501,8.5208101272583,8.12294960021973,8.41411972045898,8.44931983947754,8.0731897354126,8.0950403213501,7.92692995071411,7.7835898399353,8.41504955291748,8.45874977111816,9.14764976501465,9.02301025390625,10.2885503768921,..
Children out of school (% of primary school age),SE.PRM.UNER.ZS,Monaco,MCO,..,..,..,..,..,..,..,..,..,..,..,..,..,..,..,..,..,..,..,..
Children out of school (% of primary school age),SE.PRM.UNER.ZS,Mongolia,MNG,5.78246021270752,6.85555982589722,14.0235595703125,7.14756011962891,6.71406984329224,2.05579996109009,0.813080012798309,0.260760009288788,0.311630010604858,0.576929986476898,0.613669991493225,0.933130025863647,3.91960000991821,4.02986001968384,2.5557599067688,0.660650014877319,0.592299997806549,0.71943998336792,..,..
Children out of school (% of primary school age),SE.PRM.UNER.ZS,Montenegro,MNE,..,..,0,..,0,0,3.78715991973877,3.92077994346619,..,..,1.48782002925873,2.60566997528076,..,..,4.26438999176025,5.42184019088745,2.77827000617981,1.99531996250153,0.00589000014588237,..
Children out of school (% of primary school age),SE.PRM.UNER.ZS,Morocco,MAR,17.0233898162842,14.5990896224976,13.0859203338623,13.2440395355225,12.4311399459839,11.0685195922852,9.55373954772949,9.10947036743164,10.1197099685669,6.73867988586426,5.67863988876343,6.28600978851318,4.91005992889404,5.55727005004883,..,4.36659002304077,2.4024600982666,0.20558999478817,0.41593998670578,..
Children out of school (% of primary school age),SE.PRM.UNER.ZS,Mozambique,MOZ,38.4917297363281,42.9297218322754,..,29.7591304779053,24.6072292327881,20.729190826416,15.5983695983887,12.3202800750732,11.2900104522705,10.0251798629761,12.3112096786499,12.0635404586792,10.8752698898315,10.0879602432251,8.4854097366333,9.23355960845947,10.1264600753784,6.07066011428833,2.40343999862671,..
Children out of school (% of primary school age),SE.PRM.UNER.ZS,Myanmar,MMR,9.16149997711182,11.2731399536133,9.46084976196289,10.9154396057129,11.1737604141235,11.3889198303223,11.0402202606201,10.1619501113892,11.0666999816895,10.9929103851318,..,..,..,3.86879992485046,..,..,2.3374400138855,1.94719994068146,..,..
Children out of school (% of primary school age),SE.PRM.UNER.ZS,Namibia,NAM,8.73128986358643,6.53788995742798,6.23018980026245,8.46450996398926,8.29286956787109,11.0175800323486,8.30595970153809,8.60591983795166,7.93100023269653,7.07051992416382,..,3.64787006378174,1.16568994522095,..,..,..,1.41965997219086,1.51895999908447,..,..
Children out of school (% of primary school age),SE.PRM.UNER.ZS,Nauru,NRU,..,..,..,..,..,..,6.38205003738403,..,..,..,..,17.903600692749,..,2.2878201007843,..,2.8091299533844,..,..,..,..
Children out of school (% of primary school age),SE.PRM.UNER.ZS,Nepal,NPL,..,..,20.131950378418,19.4803695678711,..,..,..,..,..,..,0.66771000623703,0.0896800011396408,..,1.00446999073029,1.65834999084473,1.67128002643585,3.52287006378174,..,3.70160007476807,..
Children out of school (% of primary school age),SE.PRM.UNER.ZS,Netherlands,NLD,..,..,..,..,..,..,..,..,..,..,..,..,..,..,..,..,0.971459984779358,0.380730003118515,..,..
Children out of school (% of primary school age),SE.PRM.UNER.ZS,New Caledonia,NCL,..,..,..,..,..,..,..,..,..,..,..,..,..,..,..,..,..,..,..,..
Children out of school (% of primary school age),SE.PRM.UNER.ZS,New Zealand,NZL,..,..,..,..,..,..,..,..,..,..,..,..,1.57054996490479,1.95991003513336,1.77056002616882,0.957910001277924,..,0.288679987192154,..,..
Children out of school (% of primary school age),SE.PRM.UNER.ZS,Nicaragua,NIC,11.0399904251099,4.18045997619629,..,0.806879997253418,0.616680026054382,2.39180994033813,2.63775992393494,1.87536001205444,..,3.68028998374939,..,..,..,..,..,..,..,..,..,..
Children out of school (% of primary school age),SE.PRM.UNER.ZS,Niger,NER,69.47509765625,65.8832626342773,62.1747589111328,58.6804618835449,58.6800994873047,57.3575286865234,56.1875114440918,52.7673187255859,48.9515609741211,44.8527793884277,40.1167411804199,38.8278999328613,39.1683807373047,39.1363792419434,37.506649017334,36.4295310974121,33.5119590759277,..,41.0253601074219,..
Children out of school (% of primary school age),SE.PRM.UNER.ZS,Nigeria,NGA,..,..,..,32.076000213623,31.6338291168213,31.173469543457,28.3311805725098,35.1052703857422,34.0131988525391,34.0170783996582,..,..,..,..,..,..,..,..,..,..
Children out of school (% of primary school age),SE.PRM.UNER.ZS,North Macedonia,MKD,3.74060010910034,4.52890014648438,5.82858991622925,5.35033988952637,5.60235977172852,7.64237022399902,7.24118995666504,8.54897022247314,7.16884994506836,4.00716018676758,..,8.44217014312744,9.41189002990723,8.37526988983154,5.29826021194458,..,0.945259988307953,0.698199987411499,..,..
Children out of school (% of primary school age),SE.PRM.UNER.ZS,Northern Mariana Islands,MNP,..,..,..,..,..,..,..,..,..,..,..,..,..,..,..,..,..,..,..,..
Children out of school (% of primary school age),SE.PRM.UNER.ZS,Norway,NOR,0.0927599966526031,0.13416999578476,0,0.511070013046265,1.36330997943878,1.27397000789642,0.806879997253418,0.606790006160736,0.73675000667572,0.798849999904633,0.485350012779236,0.214389994740486,0.0467500016093254,0.0820299983024597,0.133499994874001,0.110469996929169,0.0399900004267693,0.000469999999040738,..,..
Children out of school (% of primary school age),SE.PRM.UNER.ZS,Oman,OMN,14.9353504180908,14.9410495758057,16.2862396240234,..,..,..,..,..,2.07556009292603,..,1.15151000022888,0.37024000287056,0.25916001200676,0.541320025920868,0.504930019378662,0.121040001511574,1.15820002555847,3.23914003372192,2.81204009056091,..
Children out of school (% of primary school age),SE.PRM.UNER.ZS,Pakistan,PAK,..,..,..,..,..,..,..,..,..,..,..,..,..,..,..,..,..,..,..,..
Children out of school (% of primary school age),SE.PRM.UNER.ZS,Palau,PLW,..,..,..,..,..,..,..,..,..,..,..,..,3.24489998817444,4.7489800453186,..,..,..,..,..,..
Children out of school (% of primary school age),SE.PRM.UNER.ZS,Panama,PAN,3.161789894104,1.07203996181488,..,0.449319988489151,1.20879995822906,0.507529973983765,0.544319987297058,1.63573002815247,4.05238008499146,3.24215006828308,4.09716987609863,4.76090002059937,6.39787006378174,8.68346977233887,10.2104196548462,..,13.2182598114014,..,..,..
Children out of school (% of primary school age),SE.PRM.UNER.ZS,Papua New Guinea,PNG,..,..,..,..,..,..,..,..,..,..,..,..,..,..,..,7.33083009719849,..,..,..,..
Children out of school (% of primary school age),SE.PRM.UNER.ZS,Paraguay,PRY,1.0945999622345,2.80204010009766,3.30346989631653,3.79502010345459,3.43935990333557,4.96073007583618,6.84777021408081,8.52680015563965,9.8966703414917,9.96354961395264,10.1590995788574,10.722620010376,..,..,..,..,..,..,..,..
Children out of school (% of primary school age),SE.PRM.UNER.ZS,Peru,PER,0.552730023860931,0.473159998655319,1.9640200138092,0.607749998569489,0.594089984893799,0.595309972763062,0.567399978637695,0.566810011863709,1.146360039711,0.510280013084412,0.622680008411407,..,..,..,..,0.316720008850098,0.988300025463104,1.41640996932983,..,..
Children out of school (% of primary school age),SE.PRM.UNER.ZS,Philippines,PHL,9.42877006530762,8.98313045501709,9.59479999542236,10.2008199691772,9.84127998352051,11.3950099945068,11.1772603988647,10.0569801330566,7.81322002410889,..,..,..,..,2.60484004020691,2.82811999320984,3.31136989593506,3.24850988388062,3.80140995979309,..,..
Children out of school (% of primary school age),SE.PRM.UNER.ZS,Poland,POL,3.27887010574341,4.18434000015259,5.0958399772644,5.89235019683838,6.51049995422363,6.43156003952026,6.3390097618103,5.85489988327026,5.3179497718811,4.83353996276855,4.87079000473022,4.07580995559692,3.51952004432678,3.60766005516052,..,..,2.60403990745544,2.15774011611938,..,..
Children out of school (% of primary school age),SE.PRM.UNER.ZS,Portugal,PRT,..,..,..,..,0.33228999376297,0.464839994907379,..,..,0.0700900033116341,0.0216700006276369,0.183239996433258,0.141249999403954,0.0830100029706955,0.489320009946823,1.27073001861572,1.84868001937866,0.617399990558624,0.416750013828278,..,..
Children out of school (% of primary school age),SE.PRM.UNER.ZS,Puerto Rico,PRI,..,..,..,..,..,..,..,..,..,9.96809005737305,13.2992496490479,12.3407201766968,13.155590057373,14.209400177002,16.1256008148193,21.0284900665283,..,22.0533199310303,..,..
Children out of school (% of primary school age),SE.PRM.UNER.ZS,Qatar,QAT,2.54744005203247,1.74229001998901,3.28218007087708,4.43229007720947,1.37276005744934,5.31383991241455,0.398909986019135,..,2.11254000663757,2.0684700012207,0.635850012302399,2.07333993911743,6.09603023529053,5.89985990524292,3.42173004150391,2.65290999412537,2.09640002250671,1.33929002285004,1.91902005672455,..
Children out of school (% of primary school age),SE.PRM.UNER.ZS,Romania,ROU,9.11686992645264,6.21250009536743,2.5032000541687,0.129099994897842,0.359320014715195,2.27732992172241,2.22359991073608,2.35983991622925,2.18777990341187,2.40863990783691,2.95986008644104,4.04287004470825,..,..,7.76335000991821,9.65598011016846,11.6002101898193,12.5010595321655,..,..
Children out of school (% of primary school age),SE.PRM.UNER.ZS,Russian Federation,RUS,..,..,..,..,..,7.22503995895386,6.457359790802,2.24307990074158,0.89095002412796,..,0.412070006132126,0.451409995555878,0.405460000038147,2.55306005477905,1.3364599943161,0.593479990959167,0.133000001311302,0.163770005106926,..,..
Children out of school (% of primary school age),SE.PRM.UNER.ZS,Rwanda,RWA,..,18.8241901397705,14.4972200393677,..,..,..,..,..,..,..,..,..,..,..,..,0.774399995803833,2.3150999546051,4.32010984420776,6.34215021133423,..
Children out of school (% of primary school age),SE.PRM.UNER.ZS,Samoa,WSM,2.37646007537842,..,..,..,..,..,1.63074994087219,..,0.268629997968674,0.561720013618469,1.5048600435257,1.37453997135162,..,0.813090026378632,0.548370003700256,1.35021996498108,0.608380019664764,1.28989005088806,..,..
Children out of school (% of primary school age),SE.PRM.UNER.ZS,San Marino,SMR,..,..,..,6.10786008834839,..,..,..,..,..,..,..,..,..,..,..,..,..,..,4.96450996398926,..
Children out of school (% of primary school age),SE.PRM.UNER.ZS,Sao Tome and Principe,STP,..,4.52315998077393,3.29577994346619,1.90337002277374,1.88025999069214,..,10.2985401153564,9.26984024047852,8.77692031860352,9.28880977630615,..,..,11.4926900863647,11.1546297073364,11.2999200820923,..,6.03310012817383,..,..,..
Children out of school (% of primary school age),SE.PRM.UNER.ZS,Saudi Arabia,SAU,..,..,..,..,..,..,..,..,8.14393043518066,2.86327004432678,2.87165999412537,0.14801000058651,2.16750001907349,..,0.697149991989136,1.84649002552032,..,..,..,..
Children out of school (% of primary school age),SE.PRM.UNER.ZS,Senegal,SEN,..,..,34.2750091552734,36.3149909973145,35.2661781311035,32.286190032959,29.8021202087402,28.8442707061768,28.5254993438721,27.4270401000977,26.6357898712158,23.7407302856445,24.7900505065918,24.05784034729,24.2223091125488,..,..,..,25.7446708679199,..
Children out of school (% of primary school age),SE.PRM.UNER.ZS,Serbia,SRB,..,..,..,..,0.296409994363785,0.137520000338554,1.0770800113678,1.44736003875732,3.45296001434326,5.08128023147583,2.62197995185852,3.64715003967285,3.50304007530212,1.21569001674652,0.793770015239716,0.831439971923828,1.02643001079559,1.43445003032684,1.84319996833801,..
Children out of school (% of primary school age),SE.PRM.UNER.ZS,Seychelles,SYC,8.84879970550537,1.22739994525909,0.572570025920868,0.636259973049164,0.677630007266998,..,..,..,..,..,..,..,0.787999987602234,1.00927996635437,0.900929987430573,1.72175002098083,2.75079011917114,2.91420006752014,2.39334988594055,..
Children out of school (% of primary school age),SE.PRM.UNER.ZS,Sierra Leone,SLE,..,..,..,..,..,..,..,..,..,..,..,4.07004976272583,0.225150004029274,..,1.64328002929688,0.510999977588654,..,..,..,..
Children out of school (% of primary school age),SE.PRM.UNER.ZS,Singapore,SGP,..,..,..,..,..,..,..,..,..,..,..,..,..,..,..,0.0103900004178286,0.0308100003749132,0.204339995980263,..,..
Children out of school (% of primary school age),SE.PRM.UNER.ZS,Sint Maarten (Dutch part),SXM,..,..,..,..,..,..,..,..,..,..,..,..,..,..,..,..,..,..,..,..
Children out of school (% of primary school age),SE.PRM.UNER.ZS,Slovak Republic,SVK,3.54259991645813,6.4240198135376,7.80250978469849,8.51115989685059,7.21301984786987,4.8841700553894,2.55069994926453,2.57321000099182,3.80048990249634,4.97112989425659,5.59499979019165,4.39433002471924,4.06477022171021,5.14975023269653,6.08403015136719,6.4764199256897,5.49838018417358,4.43058013916016,..,..
Children out of school (% of primary school age),SE.PRM.UNER.ZS,Slovenia,SVN,3.67445993423462,2.96899008750916,2.02740001678467,0.405000001192093,0.145219996571541,0.0542900003492832,0.770910024642944,0.670009970664978,0.707159996032715,0.635800004005432,0.329589992761612,0.400029987096787,0.657029986381531,0.798449993133545,0.450910001993179,0.466360002756119,0.182070001959801,0.232710003852844,..,..
Children out of school (% of primary school age),SE.PRM.UNER.ZS,Solomon Islands,SLB,..,..,..,..,24.5815296173096,19.567590713501,19.3915004730225,..,..,..,..,..,0.408360004425049,0.54747998714447,0.0743400007486343,..,..,4.38313007354736,..,..
Children out of school (% of primary school age),SE.PRM.UNER.ZS,Somalia,SOM,..,..,..,..,..,..,..,..,..,..,..,..,..,..,..,..,..,..,..,..
Children out of school (% of primary school age),SE.PRM.UNER.ZS,South Africa,ZAF,8.98270988464355,7.84186983108521,6.4860200881958,5.6737699508667,5.51257991790771,..,..,..,..,..,..,..,..,..,4.35448980331421,..,7.55062007904053,11.007960319519,..,..
Children out of school (% of primary school age),SE.PRM.UNER.ZS,South Sudan,SSD,..,..,..,..,..,..,..,..,..,..,55.5027084350586,..,..,..,62.3594818115234,..,..,..,..,..
Children out of school (% of primary school age),SE.PRM.UNER.ZS,Spain,ESP,0.139870002865791,0.093800000846386,0.011060000397265,0.0399199984967709,0.140210002660751,0.161160007119179,0.0585599988698959,0.00932000018656254,0.0533699989318848,0.0682199969887733,0.0461000017821789,0.116820000112057,0.229420006275177,0.267210006713867,0.32778000831604,0.955349981784821,2.53093004226685,3.07590007781982,..,..
Children out of school (% of primary school age),SE.PRM.UNER.ZS,Sri Lanka,LKA,0.119949996471405,0.0769800022244453,0.381610006093979,3.15443992614746,2.80791997909546,3.34197998046875,3.72930002212524,4.59091997146606,6.79366016387939,5.15017986297607,5.01902008056641,4.76392984390259,3.49243998527527,2.58048009872437,0.937290012836456,0.939930021762848,0.715460002422333,0.539619982242584,..,..
Children out of school (% of primary school age),SE.PRM.UNER.ZS,St. Kitts and Nevis,KNA,..,4.91894006729126,1.93083000183105,2.33913993835449,0.386240005493164,..,2.30743002891541,3.25117993354797,..,2.39857006072998,..,0.320010006427765,0.248679995536804,0.0816899985074997,..,1.08109998703003,..,..,..,..
Children out of school (% of primary school age),SE.PRM.UNER.ZS,St. Lucia,LCA,7.9438099861145,1.17981004714966,1.24855995178223,4.82123994827271,6.23444986343384,4.27933979034424,4.90755987167358,..,..,..,..,..,..,..,1.4145200252533,1.35713005065918,1.44862997531891,1.43484997749329,1.69498002529144,..
Children out of school (% of primary school age),SE.PRM.UNER.ZS,St. Martin (French part),MAF,..,..,..,..,..,..,..,..,..,..,..,..,..,..,..,..,..,..,..,..
Children out of school (% of primary school age),SE.PRM.UNER.ZS,St. Vincent and the Grenadines,VCT,..,0.996079981327057,0.599529981613159,0.67943000793457,1.77909994125366,..,1.24021005630493,1.81918001174927,0.716910004615784,0.535390019416809,0.766529977321625,0.310959994792938,0.175709992647171,..,0.929030001163483,0.781279981136322,0.490960001945496,..,..,..
Children out of school (% of primary school age),SE.PRM.UNER.ZS,Sudan,SDN,..,..,..,..,..,..,..,..,..,..,41.2519798278809,44.8451385498047,43.9446907043457,43.6836090087891,43.025218963623,40.8245811462402,38.3011703491211,..,..,..
Children out of school (% of primary school age),SE.PRM.UNER.ZS,Suriname,SUR,..,..,..,..,17.4363193511963,15.4811201095581,17.3561096191406,11.425820350647,8.3018798828125,10.0623397827148,11.9181900024414,11.438850402832,11.8836498260498,12.3231496810913,10.6189403533936,9.43365955352783,13.8237199783325,13.8299798965454,12.3032503128052,..
Children out of school (% of primary school age),SE.PRM.UNER.ZS,Sweden,SWE,0.275000005960464,0.265720009803772,0.700150012969971,2.90773010253906,4.38983011245728,4.71994018554688,3.53221988677979,1.30921995639801,0.363849997520447,0.361050009727478,0.286289989948273,0.155890002846718,0.0415900014340878,0.0684499964118004,0.00258000008761883,0.14656999707222,0.275759994983673,0.128470003604889,..,..
Children out of school (% of primary school age),SE.PRM.UNER.ZS,Switzerland,CHE,0.472039997577667,0.492529988288879,0.527459979057312,0.598950028419495,..,..,..,..,0.528339982032776,0.475499987602234,0.351590007543564,0.388319998979568,0.21238000690937,0.192980006337166,0.168620005249977,0.0134100001305342,0.146380007266998,0.0824799984693527,..,..
Children out of school (% of primary school age),SE.PRM.UNER.ZS,Syrian Arab Republic,SYR,2.4700300693512,2.29621005058289,1.62002003192902,1.00536000728607,0.807820022106171,0.802230000495911,0.760240018367767,0.737600028514862,0.836860001087189,1.05027997493744,..,..,27.6052494049072,..,..,..,..,..,..,..
Children out of school (% of primary school age),SE.PRM.UNER.ZS,Tajikistan,TJK,3.84540009498596,2.15704011917114,2.14727997779846,1.87996995449066,1.6894199848175,2.02147006988525,1.63605999946594,1.59244000911713,1.36485004425049,1.19001996517181,1.32834005355835,0.861959993839264,0.789269983768463,1.39549005031586,1.89971005916595,1.85198998451233,0.546869993209839,..,..,..
Children out of school (% of primary school age),SE.PRM.UNER.ZS,Tanzania,TZA,41.840030670166,26.8722190856934,18.3332195281982,13.7771196365356,9.02505016326904,3.09670996665955,..,0.902199983596802,..,7.38324022293091,..,12.4992198944092,14.9903697967529,16.6795902252197,..,15.4395198822021,15.436710357666,17.6490592956543,13.3606996536255,..
Children out of school (% of primary school age),SE.PRM.UNER.ZS,Thailand,THA,..,..,..,..,..,1.08091998100281,1.5011899471283,2.04608011245728,1.72736001014709,..,..,..,..,..,..,..,..,..,..,..
Children out of school (% of primary school age),SE.PRM.UNER.ZS,Timor-Leste,TLS,..,..,..,..,..,..,..,16.055980682373,10.1139698028564,9.87751960754395,7.09648990631104,8.63280010223389,7.66193008422852,6.88913011550903,5.52002000808716,5.42295980453491,3.05708003044128,4.18653011322021,4.90430021286011,..
Children out of school (% of primary school age),SE.PRM.UNER.ZS,Togo,TGO,9.73015975952148,8.99125957489014,8.87403964996338,7.89740991592407,7.55991983413696,6.66716003417969,9.6852502822876,8.6841402053833,..,..,..,..,..,7.84190988540649,5.94758987426758,8.05021953582764,7.38564014434814,5.30800008773804,3.14418005943298,..
Children out of school (% of primary school age),SE.PRM.UNER.ZS,Tonga,TON,0.933759987354279,..,..,1.88769996166229,1.1888200044632,1.09888005256653,..,..,..,..,..,1.30764997005463,1.26423001289368,..,1.11656999588013,..,..,..,..,..
Children out of school (% of primary school age),SE.PRM.UNER.ZS,Trinidad and Tobago,TTO,1.11363995075226,5.45750999450684,4.07076978683472,1.12443995475769,3.9142599105835,..,0.739780008792877,1.97837996482849,1.64148998260498,1.22018003463745,..,..,..,..,..,..,..,..,..,..
Children out of school (% of primary school age),SE.PRM.UNER.ZS,Tunisia,TUN,2.91511988639832,0.72504997253418,1.03281998634338,1.23545002937317,1.25941002368927,1.47900998592377,2.45414996147156,2.09801006317139,1.46856999397278,1.16413998603821,1.17532002925873,1.46082997322083,1.15617001056671,..,..,..,..,..,..,..
Children out of school (% of primary school age),SE.PRM.UNER.ZS,Turkey,TUR,3.6055600643158,3.28173995018005,2.84856009483337,2.52135992050171,2.206209897995,1.94186997413635,1.4794100522995,2.2509400844574,4.64871978759766,3.78416991233826,4.78723001480103,6.1988000869751,6.56700992584229,5.28856992721558,5.2644100189209,5.85388994216919,5.12309980392456,4.95620012283325,..,..
Children out of school (% of primary school age),SE.PRM.UNER.ZS,Turkmenistan,TKM,..,..,..,..,..,..,..,..,..,..,..,..,..,..,..,..,..,..,..,..
Children out of school (% of primary school age),SE.PRM.UNER.ZS,Turks and Caicos Islands,TCA,1.98675000667572,17.7304992675781,33.8217811584473,26.2779293060303,23.4329395294189,..,..,..,14.8996200561523,..,..,..,..,33.6238403320313,27.8433609008789,..,..,..,..,..
Children out of school (% of primary school age),SE.PRM.UNER.ZS,Tuvalu,TUV,..,..,..,..,..,..,..,..,..,..,..,..,..,8.86332988739014,4.76189994812012,11.8429803848267,..,..,14.8936195373535,..
Children out of school (% of primary school age),SE.PRM.UNER.ZS,Uganda,UGA,..,..,..,..,..,..,..,..,4.78831005096436,8.37751007080078,5.22751998901367,..,4.35644006729126,..,..,..,..,..,..,..
Children out of school (% of primary school age),SE.PRM.UNER.ZS,Ukraine,UKR,..,3.64226007461548,9.88199996948242,10.2160196304321,10.0320100784302,11.1984100341797,11.7294702529907,12.0219497680664,11.6464004516602,9.19631958007813,7.12243986129761,6.37116003036499,6.25622987747192,8.00895023345947,..,..,..,..,..,..
Children out of school (% of primary school age),SE.PRM.UNER.ZS,United Arab Emirates,ARE,..,..,..,..,..,..,5.52489995956421,..,..,..,..,6.01802015304565,6.70878982543945,2.34757995605469,0.10792999714613,0.598110020160675,1.25688004493713,..,..,..
Children out of school (% of primary school age),SE.PRM.UNER.ZS,United Kingdom,GBR,0.0636100023984909,0.176949992775917,0.0911500006914139,0.589800000190735,0.00206000008620322,0.360119998455048,2.2249801158905,1.02823996543884,1.84359002113342,1.61067998409271,1.66500997543335,1.50385999679565,0.275420010089874,0.100519999861717,0.0656699985265732,0.347920000553131,0.430370002985001,0.663089990615845,..,..
Children out of school (% of primary school age),SE.PRM.UNER.ZS,United States,USA,..,..,..,..,0.565190017223358,..,..,..,..,2.36563992500305,3.6102499961853,2.73482990264893,2.49076008796692,..,1.80586004257202,0.35997000336647,0.424380004405975,0.574209988117218,..,..
Children out of school (% of primary school age),SE.PRM.UNER.ZS,Uruguay,URY,..,..,..,..,0.0643799975514412,0.0624100007116795,1.48655998706818,0.259710013866425,0.29695001244545,0.155200004577637,0.195270001888275,0.228149995207787,0.0838100016117096,2.97207999229431,0.0144800003618002,0.00014000000373926,0.305489987134933,0.135690003633499,..,..
Children out of school (% of primary school age),SE.PRM.UNER.ZS,Uzbekistan,UZB,..,..,..,..,..,..,7.29013013839722,6.12603998184204,6.71546983718872,5.90482997894287,5.2866997718811,3.66973996162415,2.50446009635925,1.01050996780396,0.72052001953125,0.681829988956451,0.722959995269775,0.726530015468597,0.623730003833771,..
Children out of school (% of primary school age),SE.PRM.UNER.ZS,Vanuatu,VUT,0.433739989995956,0.783529996871948,0.330280005931854,2.38295006752014,0.853760004043579,..,..,..,..,..,..,..,..,..,7.8522801399231,..,..,..,..,..
Children out of school (% of primary school age),SE.PRM.UNER.ZS,"Venezuela, RB",VEN,6.05457019805908,2.5136399269104,4.27284002304077,4.21559000015259,5.10460996627808,5.07683992385864,3.69221997261047,5.83260011672974,4.09794998168945,3.48426008224487,3.57290005683899,3.89314007759094,4.75631999969482,5.67980003356934,6.04440021514893,8.14361953735352,9.6104097366333,..,..,..
Children out of school (% of primary school age),SE.PRM.UNER.ZS,Vietnam,VNM,2.97089004516602,6.07388019561768,..,..,8.62802028656006,6.48066997528076,..,1.39388000965118,0,0,0,0,0,..,..,..,..,..,..,..
Children out of school (% of primary school age),SE.PRM.UNER.ZS,Virgin Islands (U.S.),VIR,..,..,..,..,..,..,..,..,..,..,..,..,..,..,..,..,..,..,..,..
Children out of school (% of primary school age),SE.PRM.UNER.ZS,West Bank and Gaza,PSE,10.2740802764893,10.4859600067139,11.3445501327515,12.2051095962524,14.51233959198,15.1111497879028,15.752610206604,13.2703399658203,11.3348903656006,9.75448036193848,8.59875965118408,5.33554983139038,4.92830991744995,3.85800004005432,4.22205018997192,3.96580004692078,2.52762007713318,2.62859010696411,3.45283007621765,..
Children out of school (% of primary school age),SE.PRM.UNER.ZS,"Yemen, Rep.",YEM,34.35205078125,..,28.0623092651367,25.1926898956299,23.0438098907471,..,..,22.8280696868896,..,17.35205078125,..,14.4828701019287,13.7090997695923,..,..,15.6033601760864,..,..,..,..
Children out of school (% of primary school age),SE.PRM.UNER.ZS,Zambia,ZMB,33.2253608703613,30.1836204528809,..,17.3659896850586,9.0330696105957,10.7533502578735,8.25588035583496,7.83304023742676,11.0586004257202,13.9849901199341,10.4400701522827,9.11740970611572,11.7665300369263,..,..,..,14.8964595794678,..,..,..
Children out of school (% of primary school age),SE.PRM.UNER.ZS,Zimbabwe,ZWE,7.08377981185913,9.67175960540771,10.3144598007202,..,..,..,..,..,..,..,..,0.586279988288879,0.48675000667572,..,..,..,..,..,..,..
Children out of school (% of primary school age),SE.PRM.UNER.ZS,Arab World,ARB,20.7481899261475,19.8469104766846,19.2783908843994,18.7690296173096,18.05784034729,18.0095291137695,16.8626194000244,15.960280418396,15.7537803649902,14.664589881897,15.0109100341797,14.8919095993042,15.7356395721436,15.9679203033447,15.7450199127197,15.5550603866577,14.9659996032715,14.7346897125244,14.7234601974487,..
Children out of school (% of primary school age),SE.PRM.UNER.ZS,Caribbean small states,CSS,6.39302015304565,7.68957996368408,7.95963001251221,6.28681993484497,6.66976022720337,6.55180978775024,6.72806978225708,6.37356996536255,7.10989999771118,6.80614995956421,6.45787000656128,6.72791004180908,7.26601982116699,7.46877002716064,7.0843300819397,7.67428016662598,8.38961982727051,8.99363994598389,9.40223026275635,..
Children out of school (% of primary school age),SE.PRM.UNER.ZS,Central Europe and the Baltics,CEB,3.66569995880127,3.83540010452271,4.04180002212524,4.13868999481201,4.36193990707397,4.33387994766235,3.78869009017944,3.58880996704102,3.49878001213074,3.19483995437622,3.32751989364624,3.1765398979187,3.37862992286682,3.74273991584778,3.96222996711731,4.32485008239746,4.5968599319458,4.72947978973389,4.68130016326904,..
Children out of school (% of primary school age),SE.PRM.UNER.ZS,Early-demographic dividend,EAR,15.7440204620361,15.3330402374268,13.2916498184204,11.7527799606323,10.3122797012329,9.61857032775879,7.84090995788574,7.59189987182617,7.72987985610962,7.27660989761353,7.35703992843628,6.79860019683838,6.08599996566772,5.90734004974365,5.99123001098633,5.82484006881714,5.73457002639771,5.84240007400513,5.85836982727051,..
Children out of school (% of primary school age),SE.PRM.UNER.ZS,East Asia & Pacific,EAS,4.74128007888794,4.7740797996521,4.77340984344482,4.66728019714355,4.71101999282837,5.27308988571167,4.15093994140625,4.0863299369812,3.70981001853943,3.57435989379883,3.41657996177673,3.38062000274658,3.5717499256134,3.47377991676331,3.37927007675171,3.46305990219116,3.3215799331665,3.28150010108948,3.39907002449036,..
Children out of school (% of primary school age),SE.PRM.UNER.ZS,East Asia & Pacific (excluding high income),EAP,4.76200008392334,4.79190015792847,4.81729984283447,4.70541000366211,4.78342008590698,5.38933992385864,4.21565008163452,4.16714000701904,3.7836799621582,3.6482400894165,3.47918009757996,3.41314005851746,3.61002993583679,3.52677011489868,3.4798800945282,3.5421199798584,3.38554000854492,3.35578989982605,3.48815989494324,..
Children out of school (% of primary school age),SE.PRM.UNER.ZS,East Asia & Pacific (IDA & IBRD countries),TEA,4.78425979614258,4.81584978103638,4.84271001815796,4.72805023193359,4.80690002441406,5.41822004318237,4.23373985290527,4.18481016159058,3.79786992073059,3.65107011795044,3.47025990486145,3.39351010322571,3.58229994773865,3.47907996177673,3.42076992988586,3.47375988960266,3.30614995956421,3.266930103302,3.40231990814209,..
Children out of school (% of primary school age),SE.PRM.UNER.ZS,Euro area,EMU,1.21817004680634,2.0625,2.08535003662109,2.04748010635376,1.16192996501923,1.07885003089905,0.874430000782013,1.04981005191803,1.14595997333527,1.11985003948212,0.917159974575043,1.03289997577667,1.15125000476837,1.49026000499725,1.21376001834869,1.03095996379852,1.173220038414,1.34186995029449,1.33685994148254,..
Children out of school (% of primary school age),SE.PRM.UNER.ZS,Europe & Central Asia,ECS,3.02794003486633,2.83314990997314,2.61934995651245,2.55561995506287,2.93702006340027,3.0587100982666,2.97783994674683,2.45093989372253,2.73082995414734,2.40686988830566,2.29268002510071,2.32449007034302,2.0550799369812,2.28973007202148,2.03497004508972,1.98434996604919,1.96399998664856,2.07690000534058,2.12075996398926,..
Children out of school (% of primary school age),SE.PRM.UNER.ZS,Europe & Central Asia (excluding high income),ECA,5.10813999176025,3.99132990837097,3.41268992424011,3.03043007850647,4.63704013824463,4.91587018966675,4.71008014678955,3.73390007019043,4.24887990951538,3.62470006942749,3.50828003883362,3.58377003669739,3.15083003044128,3.37597990036011,2.99306988716125,2.90190005302429,2.61862993240356,2.65084004402161,2.75471997261047,..
Children out of school (% of primary school age),SE.PRM.UNER.ZS,Europe & Central Asia (IDA & IBRD countries),TEC,5.0321798324585,4.07662010192871,3.56246995925903,3.24097990989685,4.67293977737427,4.95792007446289,4.76602983474731,3.89709997177124,4.31593990325928,3.71086001396179,3.61419010162354,3.62834000587463,3.26416993141174,3.51821994781494,3.21896004676819,3.19619011878967,2.99810004234314,3.01332998275757,3.08675003051758,..
Children out of school (% of primary school age),SE.PRM.UNER.ZS,European Union,EUU,1.55483996868134,2.07700991630554,2.12416005134583,2.25183010101318,1.68996000289917,1.6913800239563,1.71249997615814,1.53636002540588,1.6666100025177,1.54619002342224,1.43367004394531,1.44827997684479,1.36799001693726,1.61523997783661,1.45691001415253,1.45836997032166,1.63379001617432,1.82047998905182,1.80689001083374,..
Children out of school (% of primary school age),SE.PRM.UNER.ZS,Fragile and conflict affected situations,FCS,37.6608200073242,35.5811614990234,34.0825309753418,32.7428588867188,32.1078300476074,30.7253093719482,29.1772594451904,29.2737808227539,28.1022891998291,27.472469329834,25.826150894165,25.0096092224121,25.1786804199219,24.6398792266846,25.0312995910645,24.6882305145264,24.2467803955078,24.2570400238037,24.003589630127,..
Children out of school (% of primary school age),SE.PRM.UNER.ZS,Heavily indebted poor countries (HIPC),HPC,42.3645706176758,38.8515090942383,35.9076690673828,33.1613502502441,30.5144996643066,27.8884696960449,25.9089794158936,22.6886196136475,22.149040222168,22.198299407959,20.9371604919434,19.9566593170166,18.783670425415,18.1532592773438,18.3277606964111,17.6220798492432,17.1150398254395,16.8768100738525,16.3970699310303,..
Children out of school (% of primary school age),SE.PRM.UNER.ZS,High income,HIC,3.27924990653992,3.77203989028931,3.59471011161804,3.36961007118225,2.63000011444092,2.50272989273071,2.10397005081177,1.93142998218536,2.22172999382019,2.13236999511719,2.52415990829468,2.14908003807068,2.15825009346008,2.05860996246338,1.69482004642487,1.34498000144958,1.5137699842453,1.62272000312805,1.65527999401093,..
Children out of school (% of primary school age),SE.PRM.UNER.ZS,IBRD only,IBD,8.32787990570068,8.22834968566895,6.69951009750366,5.88194990158081,5.31789016723633,5.04186010360718,3.66580009460449,3.53313994407654,3.85304999351501,3.64186000823975,3.85786008834839,3.44791007041931,3.28319001197815,3.33309006690979,3.17054009437561,3.2389600276947,3.15197992324829,3.34295010566711,3.41512989997864,..
Children out of school (% of primary school age),SE.PRM.UNER.ZS,IDA & IBRD total,IBT,15.9679698944092,15.5325002670288,13.9451904296875,12.5568599700928,11.7109098434448,11.4178695678711,9.90785980224609,9.74524974822998,9.82443046569824,9.7588996887207,9.70843029022217,9.37580013275146,9.00405979156494,8.88621044158936,9.05605983734131,8.87720012664795,8.78423023223877,8.7913703918457,8.74888038635254,..
Children out of school (% of primary school age),SE.PRM.UNER.ZS,IDA blend,IDB,34.6223793029785,34.6311416625977,32.5545997619629,29.4649391174316,28.3398704528809,30.5398998260498,26.8525791168213,29.6465091705322,28.402229309082,28.0951805114746,27.9584999084473,27.9549102783203,26.3792591094971,25.0940093994141,26.5294094085693,25.0923595428467,25.0461101531982,24.4252109527588,23.8317909240723,..
Children out of school (% of primary school age),SE.PRM.UNER.ZS,IDA only,IDX,34.9291801452637,31.9091701507568,29.4932804107666,27.3045291900635,25.1080894470215,23.1017093658447,21.7511501312256,19.5895404815674,19.0890502929688,19.1818504333496,18.0022792816162,17.3850402832031,16.8119506835938,16.4766597747803,16.7178993225098,16.2350692749023,15.8789501190186,15.4778299331665,15.1931104660034,..
Children out of school (% of primary school age),SE.PRM.UNER.ZS,IDA total,IDA,..,..,..,..,..,..,..,..,..,..,..,..,..,..,..,..,..,..,..,..
Children out of school (% of primary school age),SE.PRM.UNER.ZS,Late-demographic dividend,LTE,4.33473014831543,4.21567010879517,3.77623009681702,3.50979995727539,3.42685008049011,4.3060998916626,3.22130990028381,2.90649008750916,3.03788995742798,3.16589999198914,3.13632011413574,2.93788003921509,2.84118008613586,2.8520200252533,2.77953004837036,2.76582002639771,2.68448996543884,2.45587992668152,2.62576007843018,..
Children out of school (% of primary school age),SE.PRM.UNER.ZS,Latin America & Caribbean,LCN,3.54293990135193,3.46859002113342,3.28613996505737,3.2348198890686,2.72889995574951,3.12231993675232,2.3018798828125,2.31416988372803,2.45833992958069,2.73141002655029,2.84524989128113,2.95391988754272,3.01375007629395,3.34596991539001,3.2807400226593,3.27660989761353,3.12561011314392,2.94342994689941,2.83189010620117,..
Children out of school (% of primary school age),SE.PRM.UNER.ZS,Latin America & Caribbean (excluding high income),LAC,3.34903001785278,3.25510001182556,3.04397010803223,3.14703011512756,2.62761998176575,3.07324004173279,2.24464988708496,2.26715993881226,2.35686993598938,2.69050002098084,2.7744300365448,2.87961006164551,2.91597008705139,3.22813010215759,3.16311001777649,3.12335991859436,2.98673009872437,2.82472991943359,2.71334004402161,..
Children out of school (% of primary school age),SE.PRM.UNER.ZS,Latin America & the Caribbean (IDA & IBRD countries),TLA,3.54756999015808,3.46998000144959,3.2617199420929,3.20485997200012,2.67371988296509,3.0613899230957,2.23851990699768,2.24969005584717,2.41736006736755,2.70898008346558,2.80404996871948,2.90493011474609,2.96109008789063,3.25723004341125,3.17355990409851,3.15207004547119,3.01279997825623,2.85662007331848,2.76595997810364,..
Children out of school (% of primary school age),SE.PRM.UNER.ZS,Least developed countries: UN classification,LDC,36.5589294433594,33.3788414001465,30.3364105224609,27.9581298828125,25.5287494659424,23.3368396759033,21.9093608856201,19.6699104309082,19.1188507080078,19.401460647583,18.354829788208,17.7507095336914,16.931619644165,16.6581592559814,17.1285495758057,16.8309593200684,16.6259994506836,16.3317794799805,16.1816997528076,..
Children out of school (% of primary school age),SE.PRM.UNER.ZS,Low & middle income,LMY,16.0361309051514,15.5945796966553,13.9949798583984,12.6084499359131,11.7560701370239,11.462140083313,9.94443988800049,9.78042030334473,9.85031986236572,9.79096031188965,9.73989963531494,9.40680027008057,9.03524017333984,8.91641998291016,9.09154987335205,8.9113597869873,8.81877040863037,8.82900047302246,8.78528022766113,..
Children out of school (% of primary school age),SE.PRM.UNER.ZS,Low income,LIC,42.9434814453125,40.5147285461426,38.1858100891113,35.5652008056641,32.8337707519531,30.356029510498,28.5296401977539,25.1584300994873,24.0875606536865,24.2345199584961,22.674409866333,21.7700691223145,20.7964305877686,20.1810607910156,20.6191291809082,20.0925197601318,19.6615104675293,19.1204395294189,19.1412792205811,..
Children out of school (% of primary school age),SE.PRM.UNER.ZS,Lower middle income,LMC,19.8946094512939,19.2854690551758,16.3695297241211,14.5607595443726,13.0922403335571,12.4958200454712,10.4799299240112,10.8071203231812,11.1113996505737,10.6619596481323,10.7588996887207,10.1296300888062,9.45878982543945,9.26159954071045,9.5321102142334,9.23616027832031,9.23575973510742,9.35519981384277,9.14618015289307,..
Children out of school (% of primary school age),SE.PRM.UNER.ZS,Middle East & North Africa,MEA,12.4514904022217,10.6816396713257,10.1316795349121,9.38212966918945,9.33755016326904,9.53199005126953,8.21833038330078,7.48222017288208,6.75808000564575,5.58780002593994,5.59357023239136,4.69837999343872,5.46015977859497,5.78029012680054,5.61948013305664,5.63078022003174,5.42021989822388,5.21454000473022,5.22380018234253,..
Children out of school (% of primary school age),SE.PRM.UNER.ZS,Middle East & North Africa (excluding high income),MNA,11.6991996765137,9.85056972503662,9.33318996429443,8.65100002288818,8.78948974609375,9.23480033874512,8.04160976409912,7.44071006774902,6.86300992965698,5.99620008468628,6.01107978820801,5.22655010223389,5.89093017578125,6.25769996643066,6.25337982177734,6.16715002059937,5.76248979568481,5.44296979904175,5.35551977157593,..
Children out of school (% of primary school age),SE.PRM.UNER.ZS,Middle East & North Africa (IDA & IBRD countries),TMN,11.7150402069092,9.84321975708008,9.3087797164917,8.60731983184814,8.72189044952393,9.16501998901367,7.94926023483276,7.370530128479,6.80823993682861,5.95039987564087,5.97977018356323,5.2252402305603,5.9021201133728,6.28495979309082,6.27650022506714,6.19222021102905,5.7993597984314,5.47508001327515,5.37721014022827,..
Children out of school (% of primary school age),SE.PRM.UNER.ZS,Middle income,MIC,12.5162000656128,12.1914196014404,10.6008701324463,9.39410018920898,8.71947002410889,8.66409015655518,7.11721992492676,7.37061977386475,7.5544900894165,7.40241003036499,7.54687976837158,7.2650899887085,6.96826982498169,6.87550020217896,6.97090005874634,6.82318019866943,6.76422023773193,6.85050010681152,6.76781988143921,..
Children out of school (% of primary school age),SE.PRM.UNER.ZS,North America,NAC,1.48547995090485,2.49744009971619,2.19879007339478,1.95150005817413,0.799340009689331,0.77539998292923,0.333319991827011,0.545409977436066,1.62609994411469,2.29846000671387,3.4735701084137,2.55650997161865,2.33353996276855,1.90940999984741,1.68981003761292,0.333570003509521,0.398220002651215,0.542829990386963,0.54312002658844,..
Children out of school (% of primary school age),SE.PRM.UNER.ZS,Not classified,INX,..,..,..,..,..,..,..,..,..,..,..,..,..,..,..,..,..,..,..,..
Children out of school (% of primary school age),SE.PRM.UNER.ZS,OECD members,OED,1.94621002674103,2.40347003936768,2.35431003570557,2.27955007553101,1.5524400472641,1.49292004108429,1.24731004238129,1.24720001220703,1.74591994285583,1.89160001277924,2.31346011161804,2.28959989547729,2.27591991424561,2.0956699848175,1.71168005466461,1.40455996990204,1.33231997489929,1.34801995754242,1.33413994312286,..
Children out of school (% of primary school age),SE.PRM.UNER.ZS,Other small states,OSS,19.2144508361816,18.4404792785645,17.9234409332275,17.7994899749756,17.4346008300781,16.4122695922852,16.1535491943359,16.1349105834961,15.7850303649902,14.8492498397827,13.9357995986938,13.8699703216553,13.906530380249,13.7062797546387,13.1859798431396,12.9880304336548,12.3949899673462,12.2763795852661,11.9460897445679,..
Children out of school (% of primary school age),SE.PRM.UNER.ZS,Pacific island small states,PSS,8.87621974945068,7.74784994125366,7.35002994537354,7.29909992218018,6.93669986724854,6.40808010101318,6.79712009429932,5.64816999435425,4.74748992919922,3.15648007392883,2.3345799446106,2.44906997680664,1.61827003955841,2.25869011878967,2.96624994277954,7.97587013244629,2.83561992645264,4.2494797706604,4.34648990631104,..
Children out of school (% of primary school age),SE.PRM.UNER.ZS,Post-demographic dividend,PST,2.06753993034363,2.58779001235962,2.64825010299683,2.60306000709534,1.83964002132416,1.86171996593475,1.60386002063751,1.56587994098663,1.96565997600555,2.09717011451721,2.466059923172,2.17863988876343,2.07160997390747,2.00335001945496,1.70985996723175,1.19598996639252,1.29989004135132,1.39241003990173,1.35720002651215,..
Children out of school (% of primary school age),SE.PRM.UNER.ZS,Pre-demographic dividend,PRE,39.0862617492676,36.2318000793457,32.6462097167969,30.5907802581787,29.468599319458,27.8205394744873,25.6488304138184,25.2486801147461,24.4260406494141,24.5357398986816,23.6280708312988,23.1904602050781,23.1311702728271,22.6492099761963,22.9151992797852,22.2638397216797,21.913049697876,21.7059497833252,21.1477394104004,..
Children out of school (% of primary school age),SE.PRM.UNER.ZS,Small states,SST,15.9578504562378,15.5850200653076,15.2424697875977,14.8295803070068,14.6211204528809,13.8182601928711,13.7067804336548,13.5557498931885,13.3997802734375,12.569450378418,11.8010501861572,11.8187398910522,11.903639793396,11.846019744873,11.4473400115967,11.7706298828125,11.0682201385498,11.1859798431396,11.0099401473999,..
Children out of school (% of primary school age),SE.PRM.UNER.ZS,South Asia,SAS,20.9874992370605,20.2476005554199,16.0381698608398,13.3164901733398,11.4170904159546,10.5438604354858,8.60764026641846,8.72288036346436,9.55426025390625,9.05090045928955,9.74090003967285,8.81303024291992,7.7101001739502,7.2408299446106,7.65964984893799,7.19528007507324,7.2568998336792,7.18175983428955,7.31507015228271,..
Children out of school (% of primary school age),SE.PRM.UNER.ZS,South Asia (IDA & IBRD),TSA,20.9874992370605,20.2476005554199,16.0381698608398,13.3164901733398,11.4170904159546,10.5438604354858,8.60764026641846,8.72288036346436,9.55426025390625,9.05090045928955,9.74090003967285,8.81303024291992,7.7101001739502,7.2408299446106,7.65964984893799,7.19528007507324,7.2568998336792,7.18175983428955,7.31507015228271,..
Children out of school (% of primary school age),SE.PRM.UNER.ZS,Sub-Saharan Africa,SSF,36.8825492858887,35.1265411376953,32.5505294799805,30.6346206665039,28.3734493255615,26.4825897216797,23.8512496948242,22.8561496734619,22.1779003143311,22.4917602539063,21.2121696472168,20.8273506164551,20.0656108856201,19.7352504730225,19.8206100463867,19.3802890777588,19.0915298461914,19.1604404449463,18.6560707092285,..
Children out of school (% of primary school age),SE.PRM.UNER.ZS,Sub-Saharan Africa (excluding high income),SSA,36.9272117614746,35.1682815551758,32.5872001647949,30.66628074646,28.4020404815674,26.5078792572021,23.8728809356689,22.8764095306396,22.196569442749,22.5100593566895,21.228609085083,20.8404903411865,20.0789203643799,19.7481498718262,19.8328609466553,19.3912906646729,19.1019096374512,19.1702194213867,18.6651191711426,..
Children out of school (% of primary school age),SE.PRM.UNER.ZS,Sub-Saharan Africa (IDA & IBRD countries),TSS,36.8825492858887,35.1265411376953,32.5505294799805,30.6346206665039,28.3734493255615,26.4825897216797,23.8512496948242,22.8561496734619,22.1779003143311,22.4917602539063,21.2121696472168,20.8273506164551,20.0656108856201,19.7352504730225,19.8206100463867,19.3802890777588,19.0915298461914,19.1604404449463,18.6560707092285,..
Children out of school (% of primary school age),SE.PRM.UNER.ZS,Upper middle income,UMC,4.18210983276367,3.7716600894928,3.44693994522095,3.32210993766785,3.44151997566223,3.98904991149902,2.93798995018005,3.02418994903564,2.99761009216309,3.17168998718262,3.31331992149353,3.44057989120483,3.65109992027283,3.67395997047424,3.51538991928101,3.55355000495911,3.40066003799438,3.43865990638733,3.54308009147644,..
Children out of school (% of primary school age),SE.PRM.UNER.ZS,World,WLD,14.4750499725342,14.1428899765015,12.7222299575806,11.5193901062012,10.693920135498,10.4323596954346,9.05307960510254,8.89428997039795,8.99462985992432,8.93723011016846,8.93801975250244,8.60638999938965,8.28300952911377,8.17014026641846,8.28796005249023,8.09076976776123,8.02799034118652,8.05307960510254,8.01842975616455,..
,,,,,,,,,,,,,,,,,,,,,,,
,,,,,,,,,,,,,,,,,,,,,,,
,,,,,,,,,,,,,,,,,,,,,,,
Data from database: World Development Indicators,,,,,,,,,,,,,,,,,,,,,,,
Last Updated: 04/26/2021,,,,,,,,,,,,,,,,,,,,,,,
